City_ID,City,Lat,Lng,Max Temp,Humidity,Cloudiness,Wind Speed,Country,Date
0,dalandzadgad,43.5708,104.425,23.95,39,0,1.79,MN,1690159599
1,edinburgh of the seven seas,-37.0676,-12.3116,13.42,79,38,11.39,SH,1690159599
2,olonkinbyen,70.9221,-8.7187,4.59,92,100,5.52,SJ,1690159599
3,fort st. john,56.2499,-120.8529,22.94,31,75,2.57,CA,1690159305
4,uturoa,-16.7333,-151.4333,25.91,76,83,5.58,PF,1690159600
5,rawson,-43.3002,-65.1023,4.68,56,100,1.54,AR,1690159600
6,grand-bassam,5.2118,-3.7388,24.98,89,100,2.3,CI,1690159600
7,bredasdorp,-34.5322,20.0403,10.98,61,100,3.15,ZA,1690159600
8,port-aux-francais,-49.35,70.2167,5.78,93,100,16.75,TF,1690159600
9,adamstown,-25.066,-130.1015,20.63,70,100,8.3,PN,1690159601
10,enewetak,11.3474,162.3373,28.57,74,93,8.15,MH,1690159601
11,grytviken,-54.2811,-36.5092,-5.96,76,42,3.91,GS,1690159601
12,kidal,18.4411,1.4078,34.5,31,71,3.91,ML,1690159601
13,ushuaia,-54.8,-68.3,-0.19,74,0,4.12,AR,1690159601
14,lompoc,34.6391,-120.4579,31.55,79,100,2.06,US,1690159328
15,puerto ayora,-0.7393,-90.3518,24.82,82,57,3.69,EC,1690159451
16,kuala terengganu,5.3302,103.1408,25.97,100,20,2.24,MY,1690159601
17,iskateley,67.6803,53.1512,14.87,90,100,2.4,RU,1690159602
18,ust'-uda,54.1742,103.0304,16.14,89,100,2.27,RU,1690159602
19,haiku-pauwela,20.9219,-156.3051,30.01,65,40,12.86,US,1690159602
20,mount pearl,47.5166,-52.7813,21.19,92,75,4.12,CA,1690159602
21,puerto natales,-51.7236,-72.4875,-4.21,92,15,1.49,CL,1690159418
22,chul'man,56.8479,124.9104,21.51,64,100,0.37,RU,1690159602
23,la huacana,18.9667,-101.8167,27.09,75,35,1.11,MX,1690159523
24,monrovia,6.3005,-10.7969,24.87,84,95,3.99,LR,1690159603
25,pisco,-13.7,-76.2167,21.03,68,100,5.14,PE,1690159603
26,bilibino,68.0546,166.4372,16.59,66,100,1.3,RU,1690159603
27,kisangani,0.5167,25.2,22.69,88,18,1.04,CD,1690159603
28,waitangi,-43.9535,-176.5597,13.79,95,100,0.45,NZ,1690159603
29,dumai,1.6833,101.45,25.2,83,96,0.87,ID,1690159603
30,gallipoli,40.4103,26.6708,25.92,80,0,4.56,TR,1690159603
31,flying fish cove,-10.4217,105.6791,24.82,83,75,5.66,CX,1690159603
32,margaret river,-33.95,115.0667,12.62,70,4,6.38,AU,1690159604
33,kokkola,63.8385,23.1307,14.09,95,100,1.03,FI,1690159604
34,nizhniy kuranakh,58.8353,125.4869,24.91,62,52,0.95,RU,1690159604
35,bethel,41.3712,-73.414,25.5,73,20,2.06,US,1690159604
36,kismayo,-0.3582,42.5454,24.82,79,100,7.13,SO,1690159604
37,dhidhdhoo,6.8833,73.1,28.34,78,98,6.23,MV,1690159604
38,whitehorse,60.7161,-135.0538,17.43,77,100,13.89,CA,1690159604
39,susuman,62.7833,148.1667,13.98,60,93,3.27,RU,1690159430
40,crane,31.3974,-102.3501,36.91,16,42,4.3,US,1690159315
41,kapuskasing,49.4169,-82.4331,18.05,94,100,3.6,CA,1690159341
42,okhotsk,59.3833,143.3,21.1,58,6,2.59,RU,1690159456
43,sandnessjoen,66.0217,12.6316,11.29,95,100,1.4,NO,1690159605
44,egilsstadir,65.2653,-14.3948,7.95,93,100,2.06,IS,1690159605
45,madimba,-10.4,40.3333,21.62,94,20,7.2,TZ,1690159605
46,christchurch,-43.5333,172.6333,11.11,92,100,8.75,NZ,1690159373
47,tolanaro,-25.0319,46.9987,19.04,88,0,1.03,MG,1690159605
48,port lincoln,-34.7333,135.8667,13.32,71,100,1.72,AU,1690159606
49,shingu,33.7333,135.9833,28.34,68,0,2.24,JP,1690159606
50,isafjordur,66.0755,-23.124,10.8,88,99,1.47,IS,1690159606
51,manta,-0.95,-80.7333,26.67,74,40,5.81,EC,1690159606
52,'ain el turk,35.7438,-0.7693,27.38,89,40,2.06,DZ,1690159606
53,blackmans bay,-43.0167,147.3167,12.63,70,100,2.99,AU,1690159435
54,papatowai,-46.5619,169.4708,9.99,88,88,1.35,NZ,1690159606
55,ogdensburg,44.6942,-75.4863,24.09,78,0,1.54,US,1690159606
56,georgetown,5.4112,100.3354,28.96,93,20,1.03,MY,1690159607
57,verkhniy baskunchak,48.2256,46.7217,23.22,51,69,3.6,RU,1690159607
58,abaete,-19.16,-45.4458,21.73,58,98,2.29,BR,1690159607
59,mugia,43.1041,-9.2179,17.73,79,97,4.26,ES,1690159607
60,gunjur,13.2019,-16.7339,26.04,94,75,0.0,GM,1690159607
61,northam,51.0333,-4.2167,16.48,94,95,2.33,GB,1690159428
62,thompson,55.7435,-97.8558,21.09,43,20,4.12,CA,1690159608
63,minas de marcona,-15.2119,-75.1103,12.9,86,68,5.23,PE,1690159608
64,golden hills,35.1425,-118.4904,33.88,17,89,2.68,US,1690159608
65,tazacorte,28.629,-17.9293,22.54,89,0,7.2,ES,1690159608
66,west island,-12.1568,96.8225,24.99,83,75,5.66,CC,1690159608
67,vila franca do campo,37.7167,-25.4333,21.23,87,25,2.57,PT,1690159608
68,ust-nera,64.5667,143.2,18.41,50,95,1.63,RU,1690159608
69,wailua homesteads,22.0669,-159.378,28.44,81,75,7.72,US,1690159609
70,tiksi,71.6872,128.8694,8.43,66,99,2.26,RU,1690159417
71,khark,29.2614,50.3306,32.58,70,35,2.45,IR,1690159609
72,constantia,44.1833,28.65,17.61,67,0,2.87,RO,1690159609
73,leninskoye,41.7589,69.3864,26.68,25,0,1.25,KZ,1690159609
74,moree,-29.4667,149.85,16.77,45,0,5.75,AU,1690159609
75,portland,45.5234,-122.6762,33.05,35,20,3.6,US,1690159376
76,mahina,-17.5065,-149.489,27.87,65,20,6.69,PF,1690159609
77,onega,63.9061,38.1404,9.15,97,100,2.05,RU,1690159610
78,al khawr,25.7667,51.3167,30.53,68,99,1.56,QA,1690159610
79,jatiroto,-7.8833,111.1167,24.55,70,6,1.49,ID,1690159610
80,iqaluit,63.7506,-68.5145,7.85,81,40,5.14,CA,1690159610
81,grand-popo,6.2804,1.8225,23.98,92,100,3.76,BJ,1690159610
82,candon,17.1947,120.4517,29.45,73,100,0.55,PH,1690159610
83,punta del este,-34.9667,-54.95,12.06,84,100,5.66,UY,1690159610
84,hastings,50.8552,0.5729,16.86,45,44,5.54,GB,1690159611
85,lihue,21.9789,-159.3672,28.77,75,75,7.72,US,1690159611
86,les cayes,18.2,-73.75,26.88,87,19,2.87,HT,1690159611
87,gadzhiyevo,69.2551,33.3362,9.12,96,100,7.48,RU,1690159611
88,thinadhoo,0.5333,72.9333,28.33,75,17,3.84,MV,1690159611
89,tazovsky,67.4667,78.7,16.34,82,0,0.43,RU,1690159611
90,kununurra,-15.7667,128.7333,18.99,32,5,7.72,AU,1690159521
91,mogadishu,2.0371,45.3438,24.87,84,67,7.78,SO,1690159612
92,port mathurin,-19.6833,63.4167,22.99,74,73,6.79,MU,1690159612
93,kilindoni,-7.9139,39.6668,24.94,76,98,7.37,TZ,1690159612
94,afaahiti,-17.75,-149.2833,26.93,79,79,4.94,PF,1690159612
95,kutum,14.2,24.6667,26.65,44,79,4.95,SD,1690159612
96,nanchong,30.7951,106.0847,25.86,90,100,3.0,CN,1690159395
97,san julian,21.0167,-102.1667,22.42,40,100,1.85,MX,1690159585
98,knokke,50.7979,3.3628,17.74,95,100,1.34,BE,1690159613
99,tangalle,6.024,80.7911,25.09,86,49,5.17,LK,1690159613
100,port elizabeth,-33.918,25.5701,12.16,71,0,7.2,ZA,1690159528
101,mount isa,-20.7333,139.5,13.87,35,0,9.26,AU,1690159429
102,lashio,22.9333,97.75,21.87,98,95,0.24,MM,1690159613
103,hamilton,39.1834,-84.5333,26.47,53,0,2.57,US,1690159411
104,qa'en,33.7265,59.1844,20.57,19,0,4.13,IR,1690159613
105,saint-pierre,-21.3393,55.4781,20.32,73,20,3.09,RE,1690159613
106,pontes e lacerda,-15.2261,-59.3353,21.31,40,0,0.98,BR,1690159614
107,lospalos,-8.5186,127.0025,23.22,61,98,5.92,TL,1690159614
108,ilulissat,69.2167,-51.1,8.01,93,100,3.09,GL,1690159614
109,codrington,-38.2667,141.9667,13.06,78,100,4.04,AU,1690159487
110,lymington,50.7577,-1.5443,16.09,88,77,4.23,GB,1690159614
111,kodiak,57.79,-152.4072,15.73,72,0,4.63,US,1690159614
112,avarua,-21.2078,-159.775,26.03,83,3,5.14,CK,1690159614
113,acarau,-2.8856,-40.12,25.73,79,6,5.65,BR,1690159615
114,atafu village,-8.5421,-172.5159,28.72,76,20,6.72,TK,1690159615
115,coruripe,-10.1256,-36.1756,22.73,84,0,4.4,BR,1690159615
116,vorgashor,67.5833,63.95,14.44,94,89,3.68,RU,1690159615
117,tsiombe,-25.3,45.4833,17.06,93,0,2.46,MG,1690159615
118,touros,-5.1989,-35.4608,24.14,81,16,6.36,BR,1690159615
119,mitu,1.1983,-70.1733,22.34,98,88,0.59,CO,1690159615
120,carutapera,-1.195,-46.02,24.9,85,52,2.56,BR,1690159615
121,capinota,-17.7167,-66.2333,19.67,58,0,2.84,BO,1690159616
122,sittwe,20.15,92.9,27.81,83,100,4.33,MM,1690159616
123,conde,-7.2597,-34.9075,22.7,94,40,4.12,BR,1690159616
124,wabag,-5.4781,143.7021,17.17,76,100,0.6,PG,1690159616
125,angaur state,6.906,134.13,28.38,78,100,7.94,PW,1690159616
126,hermanus,-34.4187,19.2345,11.78,65,78,3.21,ZA,1690159616
127,peniche,39.3558,-9.3811,20.04,95,8,4.59,PT,1690159616
128,porto novo,6.4965,2.6036,23.9,97,98,2.48,BJ,1690159617
129,grande prairie,55.1667,-118.8027,23.1,35,75,3.09,CA,1690159585
130,boguchany,58.3814,97.4531,20.85,68,82,0.72,RU,1690159617
131,lamu,-2.2717,40.902,24.12,83,93,5.94,KE,1690159617
132,kuanda,56.3161,116.0806,22.96,57,93,0.36,RU,1690159617
133,vadso,70.0744,29.7487,8.49,93,100,7.2,NO,1690159485
134,kill devil hills,36.0307,-75.676,26.66,79,0,3.09,US,1690159617
135,palangkaraya,-2.2,113.8333,27.22,73,78,1.84,ID,1690159617
136,invercargill,-46.4,168.35,9.83,88,96,0.11,NZ,1690159618
137,mejit,10.2753,170.8646,28.51,78,24,8.27,MH,1690159619
138,g'uzor,38.6214,66.2522,23.02,23,71,1.52,UZ,1690159619
139,grand-lahou,5.1367,-5.0242,24.04,92,100,2.75,CI,1690159620
140,alofi,-19.0595,-169.9187,25.94,61,43,6.17,NU,1690159620
141,labytnangi,66.6572,66.4183,17.12,79,14,2.26,RU,1690159458
142,rawlins,41.7911,-107.2387,30.94,16,0,2.06,US,1690159621
143,patterson,37.4716,-121.1297,37.86,9,56,3.21,US,1690159621
144,sorong,-0.8833,131.25,26.14,82,81,6.16,ID,1690159621
145,namibe,-15.1961,12.1522,17.43,72,60,4.01,AO,1690159464
146,zaragoza,41.6561,-0.8773,24.25,58,0,6.69,ES,1690159512
147,richards bay,-28.783,32.0377,18.79,86,100,5.01,ZA,1690159621
148,guerrero negro,27.9769,-114.0611,22.52,68,60,7.29,MX,1690159622
149,nova sintra,14.8667,-24.7167,23.3,78,94,4.31,CV,1690159622
150,la'ie,21.6477,-157.9253,30.98,74,7,6.39,US,1690159622
151,yibin,28.7667,104.6238,27.71,86,100,1.21,CN,1690159622
152,castro,-24.7911,-50.0119,13.66,81,6,1.44,BR,1690159623
153,timmins,48.4669,-81.3331,19.9,73,100,4.63,CA,1690159380
154,hengchun,22.0042,120.7439,29.87,70,74,5.53,TW,1690159623
155,hithadhoo,-0.6,73.0833,28.15,77,38,4.25,MV,1690159623
156,sona,45.4388,10.8255,23.21,78,0,1.54,IT,1690159624
157,catamayo,-3.9833,-79.35,18.8,81,2,2.24,EC,1690159624
158,miri,4.4148,114.0089,27.08,89,20,1.54,MY,1690159624
159,stanley,54.868,-1.6985,11.27,92,20,4.12,GB,1690159624
160,st. john's,47.5649,-52.7093,21.66,93,75,4.12,CA,1690159361
161,tondano,1.3038,124.9112,27.05,69,48,3.48,ID,1690159625
162,bandarbeyla,9.4942,50.8122,25.79,65,100,12.65,SO,1690159625
163,bardai,11.65,7.2333,21.89,82,100,1.66,NG,1690159625
164,port blair,11.6667,92.75,25.02,94,100,1.03,IN,1690159625
165,arraial do cabo,-22.9661,-42.0278,21.33,88,0,9.35,BR,1690159478
166,kenai,60.5544,-151.2583,18.05,84,0,6.17,US,1690159626
167,sao vicente,-23.9631,-46.3919,25.71,26,4,1.61,BR,1690159405
168,rudbar,30.15,62.6,30.0,18,100,4.42,AF,1690159626
169,assai,-23.3733,-50.8414,21.92,70,3,1.69,BR,1690159626
170,longyearbyen,78.2186,15.6401,9.91,76,40,4.12,SJ,1690159626
171,pathein,16.7833,94.7333,27.01,85,18,1.91,MM,1690159627
172,illizi,26.4833,8.4667,30.89,11,0,5.96,DZ,1690159627
173,petropavlovsk-kamchatsky,53.0452,158.6483,23.33,46,20,6.0,RU,1690159627
174,bel ombre,-4.6167,55.4167,24.91,83,40,4.12,SC,1690159627
175,bikenibeu village,1.3673,173.1241,30.98,70,40,2.06,KI,1690159627
176,ocean shores,46.9737,-124.1563,22.99,81,0,6.69,US,1690159628
177,college,64.8569,-147.8028,30.6,44,40,1.54,US,1690159628
178,new norfolk,-42.7826,147.0587,13.29,63,100,3.67,AU,1690159628
179,jamestown,42.097,-79.2353,24.77,73,0,2.06,US,1690159628
180,klyuchi,52.2667,79.1667,21.72,46,30,1.95,RU,1690159486
181,yellowknife,62.456,-114.3525,21.29,43,100,4.12,CA,1690159560
182,byron bay,-28.65,153.6167,15.95,65,100,6.8,AU,1690159385
183,hawaiian paradise park,19.5933,-154.9731,27.73,82,100,4.12,US,1690159629
184,la gi,10.6667,107.7833,26.59,86,80,3.5,VN,1690159629
185,kuta,-8.7233,115.1723,26.97,78,40,2.68,ID,1690159629
186,aswan,24.0934,32.907,33.61,15,0,0.0,EG,1690159630
187,greymouth,-42.4667,171.2,13.79,69,84,3.17,NZ,1690159630
188,talnakh,69.4865,88.3972,14.56,75,99,0.19,RU,1690159630
189,de aar,-30.6497,24.0123,5.21,66,31,2.69,ZA,1690159630
190,kalmunai,7.4167,81.8167,25.79,76,100,1.48,LK,1690159630
191,la villa del rosario,10.3258,-72.3134,26.31,79,100,4.66,VE,1690159631
192,mahibadhoo,3.7833,72.9667,28.51,76,100,4.54,MV,1690159631
193,kot diji,27.3427,68.7083,28.01,77,100,3.17,PK,1690159631
194,hermiston,45.8404,-119.2895,37.94,25,0,2.57,US,1690159530
195,dunedin,-45.8742,170.5036,9.33,97,100,1.34,NZ,1690159514
196,voss,60.623,6.4229,14.19,84,93,1.44,NO,1690159631
197,lebu,-37.6167,-73.65,8.59,84,62,2.0,CL,1690159632
198,mukalla,14.5425,49.1242,30.78,63,100,2.35,YE,1690159632
199,yuzhno-kurilsk,44.0306,145.8556,18.3,89,100,2.19,RU,1690159509
200,mega,4.05,38.3,13.48,84,28,5.93,ET,1690159632
201,tartu,58.3806,26.7251,11.29,88,49,2.06,EE,1690159632
202,cidreira,-30.1811,-50.2056,16.24,93,18,2.28,BR,1690159632
203,selfoss,63.9331,-20.9971,12.25,76,100,2.01,IS,1690159633
204,cockburn town,21.4612,-71.1419,28.98,70,40,4.12,TC,1690159633
205,carnarvon,-24.8667,113.6333,16.64,31,0,7.75,AU,1690159437
206,cuyo,10.8525,121.0086,27.89,80,100,8.75,PH,1690159633
207,saipan,15.1355,145.701,29.39,100,100,4.12,MP,1690159633
208,ribeira grande,38.5167,-28.7,22.1,85,7,2.68,PT,1690159634
209,albany,42.6001,-73.9662,22.9,76,54,1.4,US,1690159464
210,anadyr,64.75,177.4833,14.28,93,100,2.0,RU,1690159634
211,tocopilla,-22.092,-70.1979,16.92,80,12,1.53,CL,1690159634
212,la ronge,55.1001,-105.2842,24.12,38,75,3.6,CA,1690159634
213,kendari,-3.945,122.4989,26.92,69,100,0.67,ID,1690159635
214,shimoda,34.6667,138.95,31.72,69,1,2.19,JP,1690159635
215,rockingham,42.9668,-71.0995,24.38,76,0,1.43,US,1690159635
216,teknaf,20.8624,92.3058,27.48,86,100,3.34,BD,1690159635
217,igarka,67.4667,86.5833,18.7,77,98,1.67,RU,1690159635
218,labuan,5.2767,115.2417,28.2,83,20,1.03,MY,1690159636
219,sos'va,59.1766,61.8558,14.55,90,100,2.02,RU,1690159636
220,polyarnyy,69.1989,33.4478,9.28,96,100,7.04,RU,1690159636
221,neyshabur,36.2133,58.7958,23.95,23,0,1.8,IR,1690159636
222,horta,38.5333,-28.6333,21.68,85,15,2.68,PT,1690159617
223,colonia menno,-22.3667,-59.8167,28.4,29,100,2.91,PY,1690159637
224,vila velha,-20.3297,-40.2925,19.97,97,20,1.03,BR,1690159637
225,keflavik,64.0049,-22.5624,11.24,100,75,2.06,IS,1690159637
226,san luis de la loma,17.2706,-100.8939,29.42,70,27,1.22,MX,1690159637
227,sumbawa besar,-8.5,117.4333,27.54,59,12,3.46,ID,1690159637
228,barcelos,41.5388,-8.6151,19.4,96,96,0.71,PT,1690159637
229,khanty-mansiysk,61.0042,69.0019,18.06,94,20,0.0,RU,1690159638
230,pokaran,26.9167,71.9167,31.34,65,99,2.09,IN,1690159638
231,ulan bator,47.9077,106.8832,14.07,94,20,1.0,MN,1690159554
232,linqu,36.5156,118.5397,30.81,60,5,0.21,CN,1690159638
233,santa cruz,-17.8,-63.1667,23.7,83,20,2.06,BO,1690159638
234,daru,-9.0763,143.2092,26.69,62,62,3.32,PG,1690159639
235,udachny,66.4167,112.4,21.36,68,100,5.75,RU,1690159639
236,fortaleza,-3.7227,-38.5247,27.07,78,0,4.63,BR,1690159639
237,blenheim,-41.516,173.9528,13.62,84,100,0.89,NZ,1690159639
238,mokolo,10.7398,13.8019,22.03,81,97,1.13,CM,1690159639
239,huarmey,-10.0681,-78.1522,20.2,81,1,3.96,PE,1690159640
240,jaisalmer,26.9147,70.9181,28.05,80,100,0.84,IN,1690159640
241,dindori,22.95,81.0833,23.75,91,45,1.4,IN,1690159640
242,ola,59.5833,151.2833,20.08,65,74,1.72,RU,1690159640
243,baise city,23.8997,106.6133,28.71,85,29,1.17,CN,1690159641
244,childress,34.4264,-100.204,37.14,23,0,2.06,US,1690159563
245,labrador city,52.9463,-66.9114,19.95,73,75,1.54,CA,1690159513
246,nadym,65.5333,72.5167,20.07,68,9,1.54,RU,1690159642
247,robore,-18.3333,-59.75,22.36,37,0,1.43,BO,1690159642
248,kangding,30.0513,101.9603,15.67,97,100,1.59,CN,1690159642
249,wau,7.7029,27.9953,22.54,76,65,1.69,SS,1690159642
250,axim,4.8699,-2.2405,24.67,88,100,2.31,GH,1690159642
251,aasiaat,68.7098,-52.8699,2.91,98,100,2.33,GL,1690159643
252,aconibe,1.2968,10.9369,19.45,97,100,1.66,GQ,1690159643
253,sampaloc,14.5402,121.3602,25.88,83,84,2.98,PH,1690159643
254,geraldton,-28.7667,114.6,13.23,44,0,8.75,AU,1690159643
255,linxi,39.7,118.4333,27.9,70,0,1.93,CN,1690159643
256,badger,64.8,-147.5333,30.55,40,0,1.54,US,1690159644
257,tofol,5.3248,163.0078,26.88,89,100,1.54,FM,1690159644
258,hammerfest,70.6634,23.6821,9.25,76,20,4.12,NO,1690159644
259,chonchi,-42.6128,-73.8092,3.95,91,100,1.09,CL,1690159644
260,kingston,17.997,-76.7936,30.53,71,20,9.77,JM,1690159645
261,tongouson,5.0214,120.1328,28.83,76,91,6.77,PH,1690159645
262,veseloyarsk,51.2836,81.1056,23.02,32,7,2.67,RU,1690159645
263,karukh,34.4811,62.5863,21.67,23,31,5.43,AF,1690159645
264,sungai penuh,-2.0833,101.3833,18.03,91,100,0.37,ID,1690159645
265,diego de almagro,-26.3667,-70.05,14.27,61,21,0.95,CL,1690159645
266,esmeraldas,-19.7625,-44.3139,19.58,83,1,3.84,BR,1690159645
267,saint-joseph,-21.3667,55.6167,19.71,81,30,4.91,RE,1690159646
268,taoudenni,22.6783,-3.9836,39.07,17,90,2.42,ML,1690159646
269,forster,-32.1667,152.5167,16.27,77,13,3.44,AU,1690159646
270,topolobampo,25.6,-109.05,32.95,55,20,8.75,MX,1690159520
271,quellon,-43.1167,-73.6167,5.08,79,100,1.99,CL,1690159632
272,swift current,50.2834,-107.8014,31.45,37,0,9.77,CA,1690159476
273,vikhorevka,56.1201,101.1636,17.77,89,99,2.42,RU,1690159647
274,suva,-18.1416,178.4415,25.71,69,75,0.0,FJ,1690159647
275,tura,25.5198,90.2201,25.66,91,88,1.74,IN,1690159647
276,karratha,-20.7377,116.8463,18.19,34,0,11.33,AU,1690159647
277,paka,4.6374,103.4368,26.96,89,20,1.54,MY,1690159648
278,ust-tsilma,65.441,52.1498,13.02,93,15,1.57,RU,1690159648
279,klaksvik,62.2266,-6.589,7.51,80,100,6.72,FO,1690159648
280,kinston,35.2627,-77.5816,28.08,69,40,3.6,US,1690159648
281,arno,60.1167,18.6333,13.85,75,100,3.42,SE,1690159648
282,san patricio,28.017,-97.5169,34.05,63,100,8.64,US,1690159483
283,murzuq,25.9155,13.9184,30.8,12,100,6.27,LY,1690159648
284,urumqi,43.801,87.6005,27.53,30,0,5.0,CN,1690159649
285,fort bragg,35.139,-79.006,25.82,95,100,2.06,US,1690159649
286,berdigestyakh,62.0989,126.6992,28.16,44,1,1.65,RU,1690159649
287,masina,-4.3836,15.3914,23.76,67,10,1.75,CD,1690159649
288,tarko-sale,64.9225,77.785,21.37,59,87,2.54,RU,1690159649
289,orchard homes,46.8633,-114.0484,38.08,17,0,1.54,US,1690159650
290,veinticinco de mayo,-35.4323,-60.1727,7.21,59,100,0.45,AR,1690159650
291,dankama,13.2978,7.7949,22.63,68,100,1.84,NG,1690159650
292,merizo village,13.2658,144.6691,29.65,87,100,6.7,GU,1690159650
293,desaguadero,-16.5656,-69.0417,6.99,48,9,1.48,PE,1690159650
294,berezovyy,51.6667,135.7,25.7,53,100,2.19,RU,1690159651
295,amahai,-3.3333,128.9167,26.11,80,51,6.64,ID,1690159651
296,chivilcoy,-34.8957,-60.0167,7.32,59,100,5.83,AR,1690159651
297,colonia,50.9333,6.95,19.42,85,0,2.06,DE,1690159651
298,kolonia town,6.964,158.206,30.0,79,100,2.06,FM,1690159651
299,santiago de cao,-7.9589,-79.2392,22.07,83,7,4.63,PE,1690159652
300,norderney,53.7,7.15,17.01,88,11,9.06,DE,1690159652
301,lakshmipur,22.95,90.8333,28.62,79,100,2.04,BD,1690159652
302,tynda,55.1667,124.7167,22.33,57,100,1.61,RU,1690159652
303,ironwood,46.4547,-90.171,22.45,56,0,3.09,US,1690159652
304,qamdo,31.1667,97.2333,6.6,89,100,0.4,CN,1690159479
305,narathiwat,6.3333,101.75,24.92,86,100,1.73,TH,1690159653
306,naze,28.3667,129.4833,28.51,81,36,4.12,JP,1690159653
307,baukau,51.5526,7.2042,18.52,87,98,2.24,DE,1690159653
308,stettler,52.3168,-112.7186,26.86,54,8,2.06,CA,1690159653
309,ta'izz,13.5,44.0,25.75,50,100,1.71,YE,1690159653
310,el aioun,34.5832,-2.5061,27.05,48,5,1.18,MA,1690159654
311,nyaungdon,17.0333,95.65,27.39,79,5,1.76,MM,1690159654
312,happy valley-goose bay,53.3168,-60.3315,20.17,88,75,4.63,CA,1690159654
313,tizapan el alto,20.1667,-103.0667,23.03,75,72,2.1,MX,1690159480
314,mana,5.6592,-53.7767,25.94,84,11,3.41,GF,1690159654
315,napanee,44.2501,-76.9494,23.02,78,90,3.07,CA,1690159426
316,tselinnoye,53.0833,85.6667,16.92,92,100,2.13,RU,1690159655
317,laizhou,37.1717,119.9214,29.68,65,0,0.81,CN,1690159655
318,chanika,-5.4167,38.0167,16.08,98,57,0.86,TZ,1690159655
319,katsuren-haebaru,26.3369,127.8719,31.21,66,40,3.09,JP,1690159655
320,bay harbor,30.1471,-85.6146,27.04,88,75,8.23,US,1690159655
321,kruisfontein,-34.0033,24.7314,9.94,78,98,6.44,ZA,1690159655
322,kremenki,54.885,37.1261,13.17,96,51,2.43,RU,1690159655
323,olinda,-8.0089,-34.8553,23.85,88,40,2.06,BR,1690159513
324,laibin,23.7,109.2667,29.02,74,91,2.59,CN,1690159656
325,kavalerovo,44.2661,135.0572,25.06,87,100,0.95,RU,1690159656
326,budennovsk,44.7839,44.1658,23.93,70,81,2.43,RU,1690159656
327,charters towers,-20.1,146.2667,16.21,33,14,9.09,AU,1690159656
328,kailua-kona,19.6406,-155.9956,28.11,88,17,1.34,US,1690159656
329,nouadhibou,20.931,-17.0347,22.99,78,16,7.2,MR,1690159656
330,nar'yan-mar,67.6713,53.087,14.93,90,100,2.34,RU,1690159657
331,nova aurora,-22.8667,-52.5667,20.12,61,2,3.14,BR,1690159657
332,alice springs,-23.7,133.8833,10.75,58,100,6.17,AU,1690159446
333,puerto maldonado,-12.6,-69.1833,24.29,63,8,0.54,PE,1690159599
334,prakhon chai,14.6059,103.1208,25.51,87,100,1.47,TH,1690159657
335,chiredzi,-21.05,31.6667,15.32,62,3,1.45,ZW,1690159657
336,utrik,11.2278,169.8474,28.61,78,97,8.4,MH,1690159658
337,adoru,6.9766,7.1627,22.97,99,100,2.24,NG,1690159658
338,novyy urengoy,66.0833,76.6333,21.49,62,30,1.67,RU,1690159658
339,kodinsk,58.6881,99.1844,23.62,59,58,0.89,RU,1690159658
340,qaqortoq,60.7167,-46.0333,8.08,90,28,2.04,GL,1690159658
341,launceston,-41.45,147.1667,12.67,94,100,6.17,AU,1690159522
342,jolo,6.05,121.0167,28.15,77,98,3.24,PH,1690159658
343,vilyuchinsk,52.9306,158.4028,24.15,67,22,6.16,RU,1690159423
344,yung shue wan,22.2333,114.1167,32.41,80,95,1.65,HK,1690159659
345,lyubinskiy,55.1542,72.6925,16.82,93,6,2.79,RU,1690159659
346,pizarro,4.9533,-77.366,27.19,88,11,2.01,CO,1690159659
347,weno,7.4515,151.8468,28.11,77,100,4.46,FM,1690159659
348,udaipur,24.5712,73.6918,25.5,92,60,1.15,IN,1690159386
349,ancud,-41.8697,-73.8203,4.11,84,100,3.81,CL,1690159659
350,kirkwood,38.5834,-90.4068,30.82,61,100,4.63,US,1690159660
351,oamaru,-45.0784,170.9801,10.77,97,99,2.46,NZ,1690159660
352,akureyri,65.6835,-18.0878,10.96,87,100,0.0,IS,1690159660
353,raja,8.4596,25.678,21.95,83,86,1.15,SS,1690159660
354,mount gambier,-37.8333,140.7667,13.35,71,94,2.72,AU,1690159660
355,talcahuano,-36.7167,-73.1167,7.82,93,19,1.03,CL,1690159660
356,inebolu,41.9747,33.7608,21.34,79,0,2.76,TR,1690159661
357,barra de santo antonio,-9.4047,-35.5072,22.6,83,46,4.83,BR,1690159661
358,dwarka,22.2394,68.9678,27.23,86,100,3.57,IN,1690159661
359,island harbour,50.724,-1.2758,16.63,91,75,1.34,GB,1690159661
360,shakawe,-18.3667,21.85,13.17,33,36,2.5,BW,1690159661
361,fortuna,40.5982,-124.1573,19.25,77,20,7.2,US,1690159399
362,east london,-33.0153,27.9116,14.36,68,99,7.58,ZA,1690159661
363,hangu,39.2489,117.7892,30.02,66,0,3.31,CN,1690159662
364,floro,61.5996,5.0328,15.04,88,100,0.0,NO,1690159662
365,luderitz,-26.6481,15.1594,13.54,55,100,6.71,NA,1690159662
366,businga,3.3333,20.8833,21.22,99,17,0.95,CD,1690159662
367,toliara,-23.35,43.6667,17.88,91,4,2.4,MG,1690159444
368,sinegorskiy,48.0139,40.8447,18.64,89,100,1.95,RU,1690159662
369,al jawf,29.5,38.75,27.9,29,0,3.4,SA,1690159662
370,malango,-2.9627,119.9001,22.6,82,97,0.75,ID,1690159662
371,tobol,52.6844,62.5794,17.08,66,87,1.77,KZ,1690159663
372,kupang,-10.1667,123.5833,27.32,61,20,10.29,ID,1690159463
373,brandon,27.9378,-82.2859,28.92,84,0,2.06,US,1690159611
374,fisterra,42.9049,-9.2629,17.64,80,100,4.6,ES,1690159663
375,sisimiut,66.9395,-53.6735,5.95,93,100,1.08,GL,1690159663
376,sinop,41.7711,34.8709,18.76,79,36,1.86,TR,1690159475
377,bukama,-9.2,25.85,21.37,45,0,1.53,CD,1690159664
378,aykhal,66.0,111.5,22.93,55,100,8.45,RU,1690159494
379,feijo,-8.1642,-70.3536,24.79,54,2,0.2,BR,1690159664
380,mwene-ditu,-7.0,23.45,20.13,46,4,1.53,CD,1690159664
381,luau,-10.7073,22.2247,16.01,42,0,1.76,AO,1690159664
382,pecos,31.4229,-103.4932,39.05,14,0,2.57,US,1690159664
383,kovdor,67.5662,30.4758,7.83,94,100,1.79,RU,1690159665
384,laojunmiao,39.8333,97.7333,24.64,21,2,0.64,CN,1690159665
385,punta arenas,-53.15,-70.9167,-1.53,83,9,2.6,CL,1690159390
386,zeya,53.75,127.2667,28.43,34,100,2.01,RU,1690159665
387,mont-laurier,46.5501,-75.4993,22.79,72,0,1.35,CA,1690159665
388,fort mcmurray,56.7268,-111.381,25.73,53,0,2.57,CA,1690159665
389,freetown,8.484,-13.2299,25.84,83,40,3.6,SL,1690159665
390,roman,46.9167,26.9167,18.38,80,3,1.35,RO,1690159665
391,malanje,-9.5402,16.341,18.27,33,8,1.38,AO,1690159666
392,lorengau,-2.0226,147.2712,28.7,72,94,2.61,PG,1690159666
393,tata,24.7475,67.9235,28.27,82,100,3.25,PK,1690159666
394,kapa'a,22.0752,-159.319,29.18,81,75,7.72,US,1690159666
395,nuriootpa,-34.4833,139.0,12.09,64,100,2.56,AU,1690159666
396,pithoro,25.5167,69.3833,28.92,74,100,2.48,PK,1690159666
397,awjilah,29.1081,21.2869,31.29,25,0,3.98,LY,1690159666
398,bataipora,-22.2953,-53.2711,20.48,59,0,2.17,BR,1690159667
399,la mira,18.035,-102.3266,29.18,73,75,2.08,MX,1690159667
400,newman,37.3138,-121.0208,41.19,10,91,4.75,US,1690159667
401,ciudad constitucion,25.0369,-111.6644,31.07,41,7,8.24,MX,1690159667
402,katsuura,35.1333,140.3,27.33,66,16,3.02,JP,1690159667
403,port douglas,-16.4833,145.4667,21.55,65,73,3.64,AU,1690159667
404,kimbe,-5.5502,150.1429,30.14,61,25,5.2,PG,1690159667
405,doka,13.5167,35.7667,24.61,80,97,3.73,SD,1690159668
406,chissamba,-12.1667,17.3333,14.27,41,28,1.36,AO,1690159668
407,novoishimskiy,53.1981,66.7694,15.12,80,14,2.24,KZ,1690159668
408,dudinka,69.4058,86.1778,14.79,67,100,4.13,RU,1690159668
409,al mijlad,11.0333,27.7333,28.14,50,48,2.97,SD,1690159668
410,diplo,24.4667,69.584,28.07,86,100,1.34,PK,1690159668
411,puerto lleras,3.0223,-73.4044,23.13,87,97,1.06,CO,1690159668
412,kamianske,48.5113,34.6021,14.56,82,0,2.72,UA,1690159669
413,kudahuvadhoo,2.6708,72.8944,28.36,75,46,4.33,MV,1690159669
414,lubango,-14.9172,13.4925,14.92,55,9,3.09,AO,1690159648
415,vilyuysk,63.7553,121.6247,27.46,44,11,3.54,RU,1690159669
416,sawa sawa,-4.4717,39.4846,23.28,87,28,5.58,KE,1690159669
417,dakhla,23.6848,-15.958,20.08,90,92,10.65,EH,1690159669
418,praia da vitoria,38.7333,-27.0667,22.14,88,40,4.69,PT,1690159669
419,bonanza,14.0289,-84.591,23.72,94,6,1.17,NI,1690159670
420,lerwick,60.1545,-1.1494,10.0,86,100,7.93,GB,1690159670
421,roshchino,60.2519,29.6085,13.37,83,89,4.05,RU,1690159670
422,regina,50.4501,-104.6178,28.99,42,20,4.63,CA,1690159393
423,sault ste. marie,46.5168,-84.3333,23.31,74,40,2.57,CA,1690159398
424,prado,-17.3411,-39.2208,21.69,88,28,3.74,BR,1690159670
425,achinsk,56.2694,90.4993,16.62,83,100,3.05,RU,1690159670
426,nuuk,64.1835,-51.7216,11.34,82,4,3.6,GL,1690159670
427,ostiglia,45.0712,11.1374,23.86,84,6,2.57,IT,1690159671
428,hilo,19.7297,-155.09,27.85,82,100,4.12,US,1690159671
429,san juan,-31.5375,-68.5364,11.4,49,3,1.5,AR,1690159558
430,prince rupert,54.3161,-130.3201,18.05,75,75,3.09,CA,1690159462
431,nizwa,22.9333,57.5333,30.76,58,100,0.54,OM,1690159671
432,bunia,1.5667,30.25,18.79,77,57,1.31,CD,1690159671
433,shelburne,44.0787,-80.2041,18.75,84,91,3.68,CA,1690159671
434,abadeh,31.1608,52.6506,24.15,20,70,1.91,IR,1690159671
435,arkalyk,50.2486,66.9114,18.85,64,72,2.73,KZ,1690159672
436,opuwo,-18.0607,13.84,16.76,37,20,1.3,NA,1690159672
437,kargasok,59.0556,80.8572,19.61,67,99,1.83,RU,1690159672
438,peymeinade,43.6333,6.8833,24.91,66,0,1.03,FR,1690159672
439,abepura,-2.6333,140.5833,25.45,83,20,1.54,ID,1690159432
440,remire-montjoly,4.9167,-52.2667,25.02,94,0,1.03,GF,1690159672
441,trumann,35.6737,-90.5073,30.06,65,0,2.91,US,1690159672
442,wynyard,-41.0,145.7167,12.45,78,100,4.66,AU,1690159673
443,glasgow,55.8652,-4.2576,10.67,92,20,1.54,GB,1690159406
444,laguna,38.421,-121.4238,38.16,26,0,6.17,US,1690159673
445,zheleznogorsk,52.331,35.3711,11.19,89,67,2.28,RU,1690159673
446,neyriz,29.1988,54.3278,26.54,42,35,1.01,IR,1690159673
447,tirumullaivasal,11.2333,79.8333,26.78,74,99,6.21,IN,1690159673
448,lagunillas,10.1301,-71.2595,28.54,73,100,4.58,VE,1690159673
449,tumut,-35.3,148.2167,11.78,59,0,1.32,AU,1690159673
450,sitka,57.0531,-135.33,14.94,82,100,1.54,US,1690159540
451,kalifornsky,60.4183,-151.29,18.19,68,0,6.17,US,1690159674
452,westport,41.1415,-73.3579,26.87,69,0,3.13,US,1690159391
453,rio grande,-32.035,-52.0986,16.06,74,100,4.42,BR,1690159674
454,las vegas,36.175,-115.1372,44.38,15,0,8.94,US,1690159674
455,mananjary,-21.2167,48.3333,18.24,92,10,1.38,MG,1690159674
456,quepos,9.4236,-84.1652,26.15,83,100,2.09,CR,1690159674
457,choibalsan,48.0667,114.5,21.46,51,24,0.93,MN,1690159675
458,leua,48.2156,18.6071,17.73,83,75,2.14,SK,1690159675
459,galliano,29.4422,-90.2992,30.0,84,0,1.54,US,1690159675
460,sayat,38.7839,63.8803,29.93,15,0,6.71,TM,1690159675
461,sengkang,-4.1279,120.0297,27.61,65,89,3.74,ID,1690159675
462,melekeok village,7.4957,134.6367,30.31,79,75,4.12,PW,1690159675
463,vernon,50.2581,-119.2691,37.18,16,9,0.51,CA,1690159675
464,sao raimundo das mangabeiras,-7.0219,-45.4811,23.09,35,9,1.77,BR,1690159675
465,amos,48.5669,-78.1162,18.58,70,95,1.93,CA,1690159659
466,pula,44.8683,13.8481,22.31,88,0,2.57,HR,1690159676
467,jurm,36.8648,70.8342,20.71,42,0,0.39,AF,1690159676
468,andalgala,-27.5819,-66.3165,9.96,57,70,1.07,AR,1690159676
469,barrouallie,13.2333,-61.2667,26.79,78,40,8.75,VC,1690159676
470,cabo san lucas,22.8909,-109.9124,31.7,83,100,4.63,MX,1690159475
471,rongelap,11.1635,166.8941,28.81,69,68,6.76,MH,1690159676
472,lebyazh'ye,55.2689,66.4947,13.95,90,35,3.57,RU,1690159676
473,macusani,-14.0833,-70.4333,4.69,41,93,2.8,PE,1690159677
474,massenya,11.4039,16.1705,25.6,75,42,2.84,TD,1690159677
475,alesund,62.4723,6.1549,14.63,88,20,8.23,NO,1690159677
476,skovorodino,53.9833,123.9167,24.25,49,100,2.26,RU,1690159677
477,troitsk,54.0979,61.5773,16.12,69,100,2.24,RU,1690159677
478,bafq,31.6128,55.4107,29.33,15,17,1.45,IR,1690159677
479,bada,51.392,109.8717,18.7,65,94,0.75,RU,1690159677
480,sechura,-5.5569,-80.8222,22.75,73,0,7.71,PE,1690159677
481,ingeniero jacobacci,-41.3427,-69.5448,0.6,78,100,5.39,AR,1690159678
482,markala,13.7021,-6.0659,28.65,56,35,2.76,ML,1690159678
483,cosamaloapan,18.3667,-95.8,25.74,90,73,1.04,MX,1690159678
484,arpacay,40.8487,43.3291,16.8,88,13,2.58,TR,1690159678
485,walvis bay,-22.9575,14.5053,11.16,93,15,4.63,NA,1690159678
486,chimoio,-19.1164,33.4833,14.97,87,0,1.36,MZ,1690159678
487,yelizovo,53.1873,158.3805,24.08,46,20,6.0,RU,1690159678
488,manaure,11.7751,-72.4445,27.75,77,100,8.28,CO,1690159679
489,benguela,-12.5763,13.4055,19.33,87,70,0.51,AO,1690159679
490,verkhnevilyuysk,63.4453,120.3167,27.36,46,9,2.74,RU,1690159679
491,kone,-21.0595,164.8658,23.48,43,81,1.62,NC,1690159679
492,puerto la cruz,10.2167,-64.6167,25.95,86,89,5.88,VE,1690159679
493,ocean city,39.2776,-74.5746,27.1,74,9,1.34,US,1690159679
494,gurupi,-11.7292,-49.0686,24.18,35,0,2.51,BR,1690159506
495,benjamin hill,30.1667,-111.1,37.41,24,17,2.24,MX,1690159680
496,deoria,26.5047,83.7872,30.54,67,100,3.4,IN,1690159680
497,solleftea,63.1667,17.2667,11.92,91,100,1.48,SE,1690159680
498,fallon,39.4735,-118.7774,37.93,10,0,3.6,US,1690159678
499,philipsburg,18.026,-63.0458,29.39,74,20,4.12,SX,1690159680
500,kasongo,-4.45,26.6667,23.35,47,17,1.38,CD,1690159680
501,los zacatones,22.95,-102.05,23.8,37,100,4.92,MX,1690159680
502,chinautla,14.7083,-90.4994,21.59,84,40,2.06,GT,1690159681
503,seminole,28.7086,-81.2081,27.45,83,0,2.06,US,1690159681
504,zhezqazghan,47.7833,67.7667,20.32,40,0,5.0,KZ,1690159681
505,el bauga,18.262,33.9081,31.57,11,39,4.16,SD,1690159681
506,kirakira,-10.4544,161.9205,26.23,87,100,3.95,SB,1690159681
507,chibougamau,49.9168,-74.3659,22.79,43,0,1.63,CA,1690159681
508,oriximina,-1.7656,-55.8661,27.71,52,68,1.49,BR,1690159681
509,fort irwin,35.2627,-116.6848,37.9,19,20,8.75,US,1690159682
510,port saint john's,-31.6229,29.5448,16.05,70,100,7.2,ZA,1690159682
511,maintirano,-18.0667,44.0167,22.34,85,94,4.39,MG,1690159682
512,bubaque,11.2833,-15.8333,27.05,82,100,4.32,GW,1690159508
513,smithers,54.7804,-127.1743,17.18,55,100,2.57,CA,1690159683
514,esil,51.9556,66.4042,17.25,70,53,1.27,KZ,1690159683
515,khandyga,62.6667,135.6,25.25,48,11,0.61,RU,1690159683
516,sterling,39.0062,-77.4286,28.0,65,20,3.13,US,1690159411
517,kashima,33.1061,130.0906,32.08,61,42,2.81,JP,1690159684
518,sopela,43.3789,-2.9831,19.34,83,100,1.54,ES,1690159684
519,springs,-26.25,28.4,11.38,86,100,3.81,ZA,1690159684
520,darwin,-12.4611,130.8418,19.99,26,0,8.75,AU,1690159503
521,peace river,56.2501,-117.286,24.17,38,100,2.57,CA,1690159643
522,es castell,39.8795,4.2854,26.38,100,0,2.57,ES,1690159685
523,galesong,-5.3166,119.3661,26.01,66,19,2.02,ID,1690159685
524,banda aceh,5.5577,95.3222,28.22,65,42,5.85,ID,1690159685
525,upington,-28.4478,21.2561,6.21,42,0,2.06,ZA,1690159685
526,lata,40.1629,-8.3327,15.48,99,63,0.91,PT,1690159685
527,tashtyp,52.7939,89.8983,15.57,90,25,2.12,RU,1690159686
528,ampanihy,-24.7,44.75,15.93,95,0,2.24,MG,1690159686
529,khorramshahr,30.4397,48.1664,30.98,16,0,2.06,IR,1690159686
530,vuktyl,63.8567,57.3094,14.34,81,13,2.67,RU,1690159686
531,velizh,55.6056,31.1967,11.52,97,100,2.47,RU,1690159686
532,la passe,45.5549,-0.8967,20.13,90,100,5.11,FR,1690159493
533,ashtabula,41.7001,-80.7665,23.31,78,75,0.0,US,1690159687
534,bossangoa,6.4926,17.4552,20.89,98,98,1.52,CF,1690159687
535,leshan,29.5623,103.7639,26.03,89,100,2.02,CN,1690159687
536,raduzhny,62.0961,77.475,20.37,58,85,0.67,RU,1690159687
537,puerto deseado,-47.7503,-65.8938,0.74,75,27,3.62,AR,1690159688
538,longford,53.7333,-7.8,9.41,95,5,2.45,IE,1690159688
539,quimili,-27.6333,-62.4167,14.71,47,40,5.42,AR,1690159688
540,makungu,-8.7333,35.2833,13.37,98,75,1.01,TZ,1690159688
541,comendador,18.8775,-71.7028,25.01,78,100,0.29,DO,1690159689
542,buurhakaba,2.8026,44.0781,22.0,87,100,6.09,SO,1690159689
543,augusto correa,-1.0217,-46.635,24.37,87,10,1.38,BR,1690159689
544,tuy hoa,13.0833,109.3,26.94,80,84,3.55,VN,1690159689
545,florence,43.7667,11.25,25.85,64,0,0.89,IT,1690159689
546,ghanzi,-21.5667,21.7833,15.71,34,30,3.85,BW,1690159690
547,wotje,9.4543,170.2367,28.51,79,20,8.48,MH,1690159690
548,gremyachevo,54.7503,38.5869,11.01,94,9,3.4,RU,1690159690
549,kayangel,8.0823,134.7173,28.58,76,100,7.1,PW,1690159690
550,georgiyevka,43.0369,74.7114,20.02,52,0,1.0,KZ,1690159690
551,assab,13.0092,42.7394,33.7,58,100,4.37,ER,1690159691
552,dawei,14.0833,98.2,24.65,94,99,1.91,MM,1690159691
553,san andres,12.5847,-81.7006,29.01,79,20,6.17,CO,1690159691
554,abqaiq,25.9371,49.6776,32.82,14,19,3.09,SA,1690159691
555,kuchaiburi,22.2667,86.1667,25.95,89,83,1.55,IN,1690159691
556,susanville,40.4163,-120.653,33.28,17,0,4.12,US,1690159691
557,nurmes,63.5421,29.1397,10.61,98,100,1.63,FI,1690159692
558,sogod,10.3847,124.9814,28.37,86,100,4.91,PH,1690159692
559,devonport,-41.1667,146.35,12.83,94,95,5.64,AU,1690159692
560,nadi,-17.8,177.4167,26.0,65,75,2.06,FJ,1690159692
561,kansanshi,-12.0951,26.4273,12.36,65,0,1.65,ZM,1690159692
562,mokhotlong,-29.2894,29.0675,4.74,58,11,2.11,LS,1690159693
563,arkhangel'sk,64.5401,40.5433,10.4,94,100,2.12,RU,1690159693
564,gochsheim,50.0167,10.2833,17.47,81,79,2.21,DE,1690159693
565,sahibganj,25.25,87.65,29.66,75,100,1.95,IN,1690159693
566,al kharijah,25.4514,30.5464,30.34,22,49,2.99,EG,1690159693
567,sinjai,-5.1241,120.253,26.37,77,97,2.6,ID,1690159693
568,marsh harbour,26.5412,-77.0636,30.22,71,98,1.45,BS,1690159694
569,copperas cove,31.1241,-97.9031,36.83,25,0,5.14,US,1690159694
570,forshaga,59.5254,13.4813,8.29,100,88,1.54,SE,1690159694
571,nampula,-15.1165,39.2666,13.88,96,0,1.48,MZ,1690159524
572,turpan,42.9333,89.1667,36.4,17,97,2.79,CN,1690159694
573,nerchinsk,51.9833,116.5833,20.2,71,85,1.38,RU,1690159695
574,kindu,-2.95,25.95,23.89,46,26,0.7,CD,1690159695
575,moanda,-1.5575,13.2178,23.51,79,91,1.25,GA,1690159695
576,strezhevoy,60.7333,77.5889,20.18,60,45,1.63,RU,1690159695
577,plettenberg bay,-34.0527,23.3716,10.04,84,64,4.53,ZA,1690159695
578,kurmuk,10.55,34.2833,21.35,90,100,1.94,SD,1690159696
579,yaren,-0.5472,166.916,28.66,72,12,1.73,NR,1690159696
580,old town,50.087,14.4202,21.5,51,0,3.6,CZ,1690159696
